Zone,AIC,BIC,R2_marginal,R2_conditional
All,-3628.624329325527,-3502.7283421456755,0.03675642806079504,0.04744464331641034
