Zone,AIC,BIC,R2_marginal,R2_conditional
All,60483.86380155048,60658.45166960777,0.01959625474798098,0.11246677873236788
