grp,var1,var2,vcov,sdcor
SiteID,(Intercept),NA,0,0
HYBAS_ID,(Intercept),NA,8.555986673059795e-5,0.009249857660018231
Protocol,(Intercept),NA,1.6800232815138713e-4,0.012961571206894137
Residual,NA,NA,0.022597975546982826,0.150326230402358
