Zone,AIC,BIC,R2_marginal,R2_conditional
All,62365.662812082664,62540.01950828121,0.007510305868965257,0.07785058543000775
