Zone,AIC,BIC,R2_marginal,R2_conditional
All,-3902.8630231972224,-3777.632494229293,0.03732811360600984,0.051397212486279646
