grp,var1,var2,vcov,sdcor
SiteID,(Intercept),NA,0,0
HYBAS_ID,(Intercept),NA,5.7773518297786665e-5,0.0076008893096654595
Protocol,(Intercept),NA,2.4441741028283145e-4,0.015633854620113092
Residual,NA,NA,0.020375090093007902,0.14274133981789544
