grp,var1,var2,vcov,sdcor,Zone
SiteID,(Intercept),NA,7.892356495504438e-4,0.02809333817029304,Cold
HYBAS_ID,(Intercept),NA,0.0071263545841011725,0.08441773856306015,Cold
Protocol,(Intercept),NA,0,0,Cold
Residual,NA,NA,0.026658719284834542,0.16327498058439494,Cold
