grp,var1,var2,vcov,sdcor,Zone
SiteID,(Intercept),NA,0.0015816642414461925,0.039770142587702555,Warm
HYBAS_ID,(Intercept),NA,1.6029958862856088e-4,0.012660947382741976,Warm
Protocol,(Intercept),NA,0.0014681855250979145,0.03831690912766731,Warm
Residual,NA,NA,0.05730369692586791,0.2393819060118536,Warm
