grp,var1,var2,vcov,sdcor,Zone
SiteID,(Intercept),NA,0,0,All
HYBAS_ID,(Intercept),NA,0.0034822663173847473,0.0590107305274621,All
Protocol,(Intercept),NA,3.659917405904435e-4,0.019130910605364385,All
Residual,NA,NA,0.05061449230262296,0.2249766483496075,All
