grp,var1,var2,vcov,sdcor,Zone
HYBAS_ID,(Intercept),NA,5.64203551816602e-12,2.3752969326309542e-6,Cold
Protocol,(Intercept),NA,9.183022855535106e-12,3.030350285946347e-6,Cold
Residual,NA,NA,2.8838768423044054e-11,5.370173965808189e-6,Cold
