grp,var1,var2,vcov,sdcor,Zone
HYBAS_ID,(Intercept),NA,8.22359263731165e-6,0.0028676807070020277,All
Protocol,(Intercept),NA,1.9539877359119618e-5,0.004420393348913603,All
Residual,NA,NA,0.005362769642184458,0.07323093364271999,All
